{
  "completed_count": 30,
  "user_global": 0.60396,
  "user_type_residual": {
    "QUANTITY_BASED": -0.01869183653402063,
    "SATISFACTION_BASED": -0.06824864645127035
  },
  "user_difficulty_residual": {
    "UNKNOWN": 0.046772994047620774,
    "MEDIUM": 0.04418026416725254,
    "LOW": -0.12138745011005166,
    "HIGH": -0.016789188806797247
  },
  "user_folder_residual": {
    "3": 0.0647955402409051,
    "4": -0.07900084935570391,
    "5": -0.12464770125669405,
    "7": 0.06486077414781442,
    "6": 0.0695058445193406
  },
  "type_count": {
    "QUANTITY_BASED": 22,
    "SATISFACTION_BASED": 8
  },
  "difficulty_count": {
    "UNKNOWN": 5,
    "MEDIUM": 14,
    "LOW": 6,
    "HIGH": 5
  },
  "folder_count": {
    "3": 8,
    "4": 5,
    "5": 7,
    "7": 7,
    "6": 3
  }
}