{
  "completed_count": 36,
  "user_global": 0.605624,
  "user_type_residual": {
    "QUANTITY_BASED": 0.04851672352020326,
    "SATISFACTION_BASED": -0.11379719693435772,
    "TIME_BASED": -0.004818696421690864
  },
  "user_difficulty_residual": {
    "UNKNOWN": 0.023751260497768954,
    "MEDIUM": 0.07261418094239533,
    "LOW": -0.1257266801993488,
    "HIGH": 0.032688195646432563
  },
  "user_folder_residual": {
    "3": 0.07238597023778881,
    "4": -0.09040465854219286,
    "5": -0.08907340389813435,
    "7": 0.10495364646256129,
    "6": 0.05116076088046648
  },
  "type_count": {
    "QUANTITY_BASED": 22,
    "SATISFACTION_BASED": 8,
    "TIME_BASED": 6
  },
  "difficulty_count": {
    "UNKNOWN": 5,
    "MEDIUM": 14,
    "LOW": 6,
    "HIGH": 5
  },
  "folder_count": {
    "3": 8,
    "4": 5,
    "5": 7,
    "7": 7,
    "6": 3
  }
}